{
    "num_sparks": [
        7.0,
        7.0
    ],
    "conal_latitudes": [
        0.01,
        13.35958763389739
    ],
    "spark_rotation_axis_polar_att0": [
        45,
        129.08946546979647
    ],
    "drift_vel": 1.3352492181093885,
    "spark_dimension": 0.11649712899751441,
    "spark_mid_freqs": [
        0.5,
        1.0
    ],
    "spark_flux_powers": [
        10.0,
        10.0
    ],
    "direction": [
        0.7796181486149873,
        0.5532882568218392,
        0.29337288084141255
    ],
    "dm_homogeneous": 2.9704422190703945,
    "scintillation_index_homo": 0.0,
    "std_dm": 0.2,
    "std_scintillation_index": 100
}