{
    "num_sparks": [
        7.0,
        7.0
    ],
    "conal_latitudes": [
        0.01,
        15.731235564597771
    ],
    "spark_rotation_axis_polar_att0": [
        45,
        307.65395419717794
    ],
    "drift_vel": 1.0001798130864679,
    "spark_dimension": 0.13719366154193038,
    "spark_mid_freqs": [
        0.5,
        1.0
    ],
    "spark_flux_powers": [
        10.0,
        10.0
    ],
    "direction": [
        0.6299472140523402,
        0.5537370241242043,
        0.5445565311533461
    ],
    "dm_homogeneous": 2.7820070992250865,
    "scintillation_index_homo": 0.0,
    "std_dm": 0.2,
    "std_scintillation_index": 100
}