{
    "num_sparks": [
        7.0,
        7.0
    ],
    "conal_latitudes": [
        0.01,
        12.863662167711608
    ],
    "spark_rotation_axis_polar_att0": [
        45,
        169.50915359109106
    ],
    "drift_vel": 0.7143206631094167,
    "spark_dimension": 0.11216936288279956,
    "spark_mid_freqs": [
        0.5,
        1.0
    ],
    "spark_flux_powers": [
        10.0,
        10.0
    ],
    "direction": [
        -0.08066261825508092,
        -0.7836421144513689,
        0.6159533898554521
    ],
    "dm_homogeneous": 2.820773836141784,
    "scintillation_index_homo": 168.93235778474826,
    "std_dm": 0.2,
    "std_scintillation_index": 100
}