{
    "num_sparks": [
        7.0,
        6.0
    ],
    "conal_latitudes": [
        0.01,
        18.542813611593598
    ],
    "spark_rotation_axis_polar_att0": [
        45,
        349.42769499727103
    ],
    "drift_vel": 0.7986701537834919,
    "spark_dimension": 0.16172930859036488,
    "spark_mid_freqs": [
        0.5,
        1.0
    ],
    "spark_flux_powers": [
        10.0,
        10.0
    ],
    "direction": [
        0.9506066190975125,
        -0.053293518496912766,
        0.3057889085859982
    ],
    "dm_homogeneous": 2.3431246073442717,
    "scintillation_index_homo": 177.36915493294075,
    "std_dm": 0.2,
    "std_scintillation_index": 100
}