{
    "num_sparks": [
        7.0,
        6.0
    ],
    "conal_latitudes": [
        0.01,
        25.70701191171698
    ],
    "spark_rotation_axis_polar_att0": [
        45,
        337.5434879141828
    ],
    "drift_vel": 0.6786139685816095,
    "spark_dimension": 0.22424873289183186,
    "spark_mid_freqs": [
        0.5,
        1.0
    ],
    "spark_flux_powers": [
        10.0,
        10.0
    ],
    "direction": [
        0.5241267216419999,
        -0.3944742286580741,
        0.7547723249996829
    ],
    "dm_homogeneous": 2.6583320657962384,
    "scintillation_index_homo": 86.5421781854477,
    "std_dm": 0.2,
    "std_scintillation_index": 100
}