{
    "num_sparks": [
        7.0,
        7.0
    ],
    "conal_latitudes": [
        0.01,
        13.551307068710878
    ],
    "spark_rotation_axis_polar_att0": [
        45,
        351.4472840769054
    ],
    "drift_vel": 1.0297603969461755,
    "spark_dimension": 0.11817019668629342,
    "spark_mid_freqs": [
        0.5,
        1.0
    ],
    "spark_flux_powers": [
        10.0,
        10.0
    ],
    "direction": [
        0.6001931064670101,
        -0.6239478667534627,
        0.5004570855960414
    ],
    "dm_homogeneous": 2.452628524196514,
    "scintillation_index_homo": 108.69035542258229,
    "std_dm": 0.2,
    "std_scintillation_index": 100
}