{
    "num_sparks": [
        7.0,
        7.0
    ],
    "conal_latitudes": [
        0.01,
        13.67990900768144
    ],
    "spark_rotation_axis_polar_att0": [
        45,
        131.01566910127542
    ],
    "drift_vel": 0.8919033288341593,
    "spark_dimension": 0.11929246031603598,
    "spark_mid_freqs": [
        0.5,
        1.0
    ],
    "spark_flux_powers": [
        10.0,
        10.0
    ],
    "direction": [
        0.9345593875998318,
        0.1459604271061736,
        0.3244908392667057
    ],
    "dm_homogeneous": 2.469253944490884,
    "scintillation_index_homo": 142.72819633830983,
    "std_dm": 0.2,
    "std_scintillation_index": 100
}