{
    "num_sparks": [
        7.0,
        7.0
    ],
    "conal_latitudes": [
        0.01,
        15.213420234115693
    ],
    "spark_rotation_axis_polar_att0": [
        45,
        56.58112466627923
    ],
    "drift_vel": 1.0981549911822668,
    "spark_dimension": 0.132674870324823,
    "spark_mid_freqs": [
        0.5,
        1.0
    ],
    "spark_flux_powers": [
        10.0,
        10.0
    ],
    "direction": [
        -0.12280891916726652,
        0.2601753630749613,
        0.9577195569799022
    ],
    "dm_homogeneous": 2.4536210082976324,
    "scintillation_index_homo": 114.82735926743021,
    "std_dm": 0.2,
    "std_scintillation_index": 100
}