{
    "num_sparks": [
        7.0,
        7.0
    ],
    "conal_latitudes": [
        0.01,
        8.746115403079939
    ],
    "spark_rotation_axis_polar_att0": [
        45,
        251.22758770280748
    ],
    "drift_vel": 1.1337897544702396,
    "spark_dimension": 0.07623698880896825,
    "spark_mid_freqs": [
        0.5,
        1.0
    ],
    "spark_flux_powers": [
        10.0,
        10.0
    ],
    "direction": [
        0.8930772795007581,
        -0.4113464588111434,
        0.18222805399569286
    ],
    "dm_homogeneous": 2.547312029554914,
    "scintillation_index_homo": 54.373890506684056,
    "std_dm": 0.2,
    "std_scintillation_index": 100
}